{
  "project_info": {
    "project_number": "977602215476",
    "project_id": "triptallyhi",
    "storage_bucket": "triptallyhi.firebasestorage.app"
  },
  "client": [
    {
      "client_info": {
        "mobilesdk_app_id": "1:977602215476:android:6de53c882fc2ff6ebd1461",
        "android_client_info": {
          "package_name": "com.example.javamad"
        }
      },
      "oauth_client": [],
      "api_key": [
        {
          "current_key": "AIzaSyC0lsGFOQe2G5DsJh2z3T2HSKxVU7nhFfw"
        }
      ],
      "services": {
        "appinvite_service": {
          "other_platform_oauth_client": []
        }
      }
    }
  ],
  "configuration_version": "1"
}